#Funciones
Insert into funcion (idFuncion,funcion) values("1","alumno");
Insert into funcion (idFuncion,funcion) values("2","profesor");
Insert into funcion (idFuncion,funcion) values("3","asistente");

#Estado_Usuario
insert into estadousuario(idEstado_Usuario,Estado) values ("1","Activo");
insert into estadousuario(idEstado_Usuario,Estado) values ("2","Inactivo");


#Usuarios
Insert into usuario (idUsuario,Funcion_idFuncion,Nombre,EstadoUsuario_idEstado_Usuario) values("20334869","1","Ernesto Manzanares","1");
Insert into usuario (idUsuario,Funcion_idFuncion,Nombre,EstadoUsuario_idEstado_Usuario) values("23911021","1","Jonatan Rodrigo","1");
Insert into usuario (idUsuario,Funcion_idFuncion,Nombre,EstadoUsuario_idEstado_Usuario) values("20371076","1","Robert Andujar","1");
Insert into usuario (idUsuario,Funcion_idFuncion,Nombre,EstadoUsuario_idEstado_Usuario) values("20759907","1","Liliana Castaño","1");
Insert into usuario (idUsuario,Funcion_idFuncion,Nombre,EstadoUsuario_idEstado_Usuario) values("20888926","1","Maria Inmaculada Castellanos","1");
Insert into usuario (idUsuario,Funcion_idFuncion,Nombre,EstadoUsuario_idEstado_Usuario) values("21209462","1","Erika Novo","1");
Insert into usuario (idUsuario,Funcion_idFuncion,Nombre,EstadoUsuario_idEstado_Usuario) values("21226522","1","Orlando Baeza","1");
Insert into usuario (idUsuario,Funcion_idFuncion,Nombre,EstadoUsuario_idEstado_Usuario) values("21271167","1","Melchor Gordillo","1");
Insert into usuario (idUsuario,Funcion_idFuncion,Nombre,EstadoUsuario_idEstado_Usuario) values("21323138","1","Andrea Pascual","1");
Insert into usuario (idUsuario,Funcion_idFuncion,Nombre,EstadoUsuario_idEstado_Usuario) values("21342563","1","Jone de Diego","1");
Insert into usuario (idUsuario,Funcion_idFuncion,Nombre,EstadoUsuario_idEstado_Usuario) values("21847399","1","Noel Pedraza","1");
Insert into usuario (idUsuario,Funcion_idFuncion,Nombre,EstadoUsuario_idEstado_Usuario) values("21991857","1","Jairo Liu","1");
Insert into usuario (idUsuario,Funcion_idFuncion,Nombre,EstadoUsuario_idEstado_Usuario) values("22161051","1","Leyre Mena","1");
Insert into usuario (idUsuario,Funcion_idFuncion,Nombre,EstadoUsuario_idEstado_Usuario) values("22183637","1","Mihai Tejera","1");
Insert into usuario (idUsuario,Funcion_idFuncion,Nombre,EstadoUsuario_idEstado_Usuario) values("22201670","1","Aimar Picazo","1");
Insert into usuario (idUsuario,Funcion_idFuncion,Nombre,EstadoUsuario_idEstado_Usuario) values("22247928","1","Celestina Cañizares","1");
Insert into usuario (idUsuario,Funcion_idFuncion,Nombre,EstadoUsuario_idEstado_Usuario) values("22440335","1","Fabiola Mateu","1");
Insert into usuario (idUsuario,Funcion_idFuncion,Nombre,EstadoUsuario_idEstado_Usuario) values("22508038","1","Raimundo Macias","1");
Insert into usuario (idUsuario,Funcion_idFuncion,Nombre,EstadoUsuario_idEstado_Usuario) values("22519300","1","Rosa Arnaiz","1");
Insert into usuario (idUsuario,Funcion_idFuncion,Nombre,EstadoUsuario_idEstado_Usuario) values("22561140","1","Blas Galvan","1");
Insert into usuario (idUsuario,Funcion_idFuncion,Nombre,EstadoUsuario_idEstado_Usuario) values("22742679","1","German Hoyos","1");
Insert into usuario (idUsuario,Funcion_idFuncion,Nombre,EstadoUsuario_idEstado_Usuario) values("22974543","1","June Santiago","1");
Insert into usuario (idUsuario,Funcion_idFuncion,Nombre,EstadoUsuario_idEstado_Usuario) values("23289798","1","Antónia Llanos","1");
Insert into usuario (idUsuario,Funcion_idFuncion,Nombre,EstadoUsuario_idEstado_Usuario) values("23361234","1","Oliver Rey","1");
Insert into usuario (idUsuario,Funcion_idFuncion,Nombre,EstadoUsuario_idEstado_Usuario) values("23465075","1","Candida Salgado","1");
Insert into usuario (idUsuario,Funcion_idFuncion,Nombre,EstadoUsuario_idEstado_Usuario) values("23524667","1","Consolacion Quevedo","1");
Insert into usuario (idUsuario,Funcion_idFuncion,Nombre,EstadoUsuario_idEstado_Usuario) values("23630266","1","Rosendo Huerta","1");
Insert into usuario (idUsuario,Funcion_idFuncion,Nombre,EstadoUsuario_idEstado_Usuario) values("23668567","1","Fermina Rio","1");
Insert into usuario (idUsuario,Funcion_idFuncion,Nombre,EstadoUsuario_idEstado_Usuario) values("23676877","1","Alvaro Badia","1");
Insert into usuario (idUsuario,Funcion_idFuncion,Nombre,EstadoUsuario_idEstado_Usuario) values("23782160","1","Nicoleta Rosello","1");

Insert into usuario (idUsuario,Funcion_idFuncion,Nombre,EstadoUsuario_idEstado_Usuario) values("15426465","2","Amparo Diez","1");
Insert into usuario (idUsuario,Funcion_idFuncion,Nombre,EstadoUsuario_idEstado_Usuario) values("14609166","2","Ibon Montiel","1");
Insert into usuario (idUsuario,Funcion_idFuncion,Nombre,EstadoUsuario_idEstado_Usuario) values("18685134","2","Gonzalo Piqueras","1");
Insert into usuario (idUsuario,Funcion_idFuncion,Nombre,EstadoUsuario_idEstado_Usuario) values("17437518","2","Jose-Andres Barreiro","1");
Insert into usuario (idUsuario,Funcion_idFuncion,Nombre,EstadoUsuario_idEstado_Usuario) values("19822005","2","Driss Font","1");
Insert into usuario (idUsuario,Funcion_idFuncion,Nombre,EstadoUsuario_idEstado_Usuario) values("16370456","2","Victorino Tejada","1");
Insert into usuario (idUsuario,Funcion_idFuncion,Nombre,EstadoUsuario_idEstado_Usuario) values("15167174","2","Ramón Molero","1");
Insert into usuario (idUsuario,Funcion_idFuncion,Nombre,EstadoUsuario_idEstado_Usuario) values("14345597","2","Markel Peiro","1");
Insert into usuario (idUsuario,Funcion_idFuncion,Nombre,EstadoUsuario_idEstado_Usuario) values("13017606","2","Ariadna Quintana","1");
Insert into usuario (idUsuario,Funcion_idFuncion,Nombre,EstadoUsuario_idEstado_Usuario) values("16720630","2","Amalia Enriquez","1");
Insert into usuario (idUsuario,Funcion_idFuncion,Nombre,EstadoUsuario_idEstado_Usuario) values("17685051","2","Jonatan Ballester","1");
Insert into usuario (idUsuario,Funcion_idFuncion,Nombre,EstadoUsuario_idEstado_Usuario) values("14347688","2","Maria-Josefa Salas","1");
Insert into usuario (idUsuario,Funcion_idFuncion,Nombre,EstadoUsuario_idEstado_Usuario) values("17003823","2","Benedicta Arnaiz","1");
Insert into usuario (idUsuario,Funcion_idFuncion,Nombre,EstadoUsuario_idEstado_Usuario) values("18429240","2","Martha Osuna","1");
Insert into usuario (idUsuario,Funcion_idFuncion,Nombre,EstadoUsuario_idEstado_Usuario) values("19320030","2","Norma Camara","1");
Insert into usuario (idUsuario,Funcion_idFuncion,Nombre,EstadoUsuario_idEstado_Usuario) values("14345550","2","Alba Miro","1");
Insert into usuario (idUsuario,Funcion_idFuncion,Nombre,EstadoUsuario_idEstado_Usuario) values("15920811","2","Aquilino Leal","1");
Insert into usuario (idUsuario,Funcion_idFuncion,Nombre,EstadoUsuario_idEstado_Usuario) values("15494970","2","Rufina San Juan","1");
Insert into usuario (idUsuario,Funcion_idFuncion,Nombre,EstadoUsuario_idEstado_Usuario) values("13762627","2","Isidro Zafra","1");
Insert into usuario (idUsuario,Funcion_idFuncion,Nombre,EstadoUsuario_idEstado_Usuario) values("15420900","2","Juan-Carlos San Martin","1");

Insert into usuario (idUsuario,Funcion_idFuncion,Nombre,EstadoUsuario_idEstado_Usuario) values("13244629","3","Natália Cano","1");
Insert into usuario (idUsuario,Funcion_idFuncion,Nombre,EstadoUsuario_idEstado_Usuario) values("13561839","3","Filomena Frias","1");
Insert into usuario (idUsuario,Funcion_idFuncion,Nombre,EstadoUsuario_idEstado_Usuario) values("14366719","3","Biel Tapia","1");
Insert into usuario (idUsuario,Funcion_idFuncion,Nombre,EstadoUsuario_idEstado_Usuario) values("14499353","3","Isidoro Acosta","1");
Insert into usuario (idUsuario,Funcion_idFuncion,Nombre,EstadoUsuario_idEstado_Usuario) values("14708775","3","Estibaliz Sanchez","1");
Insert into usuario (idUsuario,Funcion_idFuncion,Nombre,EstadoUsuario_idEstado_Usuario) values("15532563","3","Anselmo Rodrigues","1");
Insert into usuario (idUsuario,Funcion_idFuncion,Nombre,EstadoUsuario_idEstado_Usuario) values("15581416","3","Dylan Mariño","1");
Insert into usuario (idUsuario,Funcion_idFuncion,Nombre,EstadoUsuario_idEstado_Usuario) values("16331603","3","Luciano Mariscal","1");
Insert into usuario (idUsuario,Funcion_idFuncion,Nombre,EstadoUsuario_idEstado_Usuario) values("17265432","3","Zahra Arevalo","1");
Insert into usuario (idUsuario,Funcion_idFuncion,Nombre,EstadoUsuario_idEstado_Usuario) values("18089890","3","Melania Mejia","1");
Insert into usuario (idUsuario,Funcion_idFuncion,Nombre,EstadoUsuario_idEstado_Usuario) values("18429661","3","Gheorghe Martínez","1");
Insert into usuario (idUsuario,Funcion_idFuncion,Nombre,EstadoUsuario_idEstado_Usuario) values("18580551","3","Abdellah Macias","1");
Insert into usuario (idUsuario,Funcion_idFuncion,Nombre,EstadoUsuario_idEstado_Usuario) values("18642327","3","Francisco Vera","1");
Insert into usuario (idUsuario,Funcion_idFuncion,Nombre,EstadoUsuario_idEstado_Usuario) values("19284089","3","Ivan Galan","1");
Insert into usuario (idUsuario,Funcion_idFuncion,Nombre,EstadoUsuario_idEstado_Usuario) values("19568988","3","Ernesto Manzanares","1");

#Estado
insert into estado (IdEstado,Estado) Values ("1","disponible");
insert into estado (IdEstado,Estado) Values ("2","dado de baja");

#Estadoprestamo
insert into estadoPrestamo (idEstadoprestamo,Estado) values ("1","en prestamo");
insert into estadoPrestamo (idEstadoprestamo,Estado) values ("2","Devuelto");

#autor
Insert into autor (idAutor,Nombre,Nacionalidad) values ("1","juan perez","español");
Insert into autor (idAutor,Nombre,Nacionalidad) values ("2","pudge butcher","ingles");
Insert into autor (idAutor,Nombre,Nacionalidad) values ("3","Daniel ishutin","ruso");
Insert into autor (idAutor,Nombre,Nacionalidad) values ("4","Vladimir trump","ingles");
Insert into autor (idAutor,Nombre,Nacionalidad) values ("5","Gabriela mistral","chilena");


#Editorial
Insert into editorial (idEditorial,nombre) Values ("1","alfaguara");
Insert into editorial (idEditorial,nombre) Values ("2","icarito");
Insert into editorial (idEditorial,nombre) Values ("3","elmercurio");
Insert into editorial (idEditorial,nombre) Values ("4","zeus");
Insert into editorial (idEditorial,nombre) Values ("5","darkhorse");


#libro
insert into libro (idLibro,Autor_idAutor,Editorial_idEditorial,titulo,fecha_de_publicacion,Estado_idEstado) values ("1","1","5","Memorias de Adriano","1971-07-13","1");
insert into libro (idLibro,Autor_idAutor,Editorial_idEditorial,titulo,fecha_de_publicacion,Estado_idEstado) values ("2","1","5","Al faro","1967-04-19","1");
insert into libro (idLibro,Autor_idAutor,Editorial_idEditorial,titulo,fecha_de_publicacion,Estado_idEstado) values ("3","1","4","La señora Dalloway","2004-04-16","1");
insert into libro (idLibro,Autor_idAutor,Editorial_idEditorial,titulo,fecha_de_publicacion,Estado_idEstado) values ("4","1","4","Hojas de hierba","1966-11-21","1");
insert into libro (idLibro,Autor_idAutor,Editorial_idEditorial,titulo,fecha_de_publicacion,Estado_idEstado) values ("5","1","3","Mahabhárata","2001-05-29","2");
insert into libro (idLibro,Autor_idAutor,Editorial_idEditorial,titulo,fecha_de_publicacion,Estado_idEstado) values ("6","1","3","Eneida","1993-09-18","1");
insert into libro (idLibro,Autor_idAutor,Editorial_idEditorial,titulo,fecha_de_publicacion,Estado_idEstado) values ("7","1","2","Ramayana","1972-02-25","1");
insert into libro (idLibro,Autor_idAutor,Editorial_idEditorial,titulo,fecha_de_publicacion,Estado_idEstado) values ("8","1","2","Las aventuras de Huckleberry Finn","2006-01-20","2");
insert into libro (idLibro,Autor_idAutor,Editorial_idEditorial,titulo,fecha_de_publicacion,Estado_idEstado) values ("9","1","1","La muerte de Iván Ilich","1993-08-08","2");
insert into libro (idLibro,Autor_idAutor,Editorial_idEditorial,titulo,fecha_de_publicacion,Estado_idEstado) values ("10","1","1","Ana Karenina","1978-01-01","1");
insert into libro (idLibro,Autor_idAutor,Editorial_idEditorial,titulo,fecha_de_publicacion,Estado_idEstado) values ("11","2","1","Guerra y paz","1951-04-11","1");
insert into libro (idLibro,Autor_idAutor,Editorial_idEditorial,titulo,fecha_de_publicacion,Estado_idEstado) values ("12","2","1","Los viajes de Gulliver","1950-12-17","1");
insert into libro (idLibro,Autor_idAutor,Editorial_idEditorial,titulo,fecha_de_publicacion,Estado_idEstado) values ("13","2","2","La conciencia de Zeno","2004-11-06","1");
insert into libro (idLibro,Autor_idAutor,Editorial_idEditorial,titulo,fecha_de_publicacion,Estado_idEstado) values ("14","2","2","Vida y opiniones del caballero Tristram Shandy","1993-06-14","1");
insert into libro (idLibro,Autor_idAutor,Editorial_idEditorial,titulo,fecha_de_publicacion,Estado_idEstado) values ("15","2","3","Rojo y negro","1992-10-03","1");
insert into libro (idLibro,Autor_idAutor,Editorial_idEditorial,titulo,fecha_de_publicacion,Estado_idEstado) values ("16","2","3","Edipo rey","1989-07-04","1");
insert into libro (idLibro,Autor_idAutor,Editorial_idEditorial,titulo,fecha_de_publicacion,Estado_idEstado) values ("17","2","4","Otelo","1971-04-24","1");
insert into libro (idLibro,Autor_idAutor,Editorial_idEditorial,titulo,fecha_de_publicacion,Estado_idEstado) values ("18","2","4","El rey Lear","1980-01-23","1");
insert into libro (idLibro,Autor_idAutor,Editorial_idEditorial,titulo,fecha_de_publicacion,Estado_idEstado) values ("19","2","5","Hamlet","1957-07-08","2");
insert into libro (idLibro,Autor_idAutor,Editorial_idEditorial,titulo,fecha_de_publicacion,Estado_idEstado) values ("20","2","5","Ensayo sobre la ceguera","1955-08-29","1");
insert into libro (idLibro,Autor_idAutor,Editorial_idEditorial,titulo,fecha_de_publicacion,Estado_idEstado) values ("21","3","2","Tiempo de migrar al norte","1957-01-01","1");
insert into libro (idLibro,Autor_idAutor,Editorial_idEditorial,titulo,fecha_de_publicacion,Estado_idEstado) values ("22","3","2","Bostan","1987-03-06","1");
insert into libro (idLibro,Autor_idAutor,Editorial_idEditorial,titulo,fecha_de_publicacion,Estado_idEstado) values ("23","3","3","Hijos de la medianoche","1967-06-22","1");
insert into libro (idLibro,Autor_idAutor,Editorial_idEditorial,titulo,fecha_de_publicacion,Estado_idEstado) values ("24","3","3","Masnavi","2000-09-11","1");
insert into libro (idLibro,Autor_idAutor,Editorial_idEditorial,titulo,fecha_de_publicacion,Estado_idEstado) values ("25","3","4","Pedro Páramo","2007-10-17","1");
insert into libro (idLibro,Autor_idAutor,Editorial_idEditorial,titulo,fecha_de_publicacion,Estado_idEstado) values ("26","3","4","Gargantúa y Pantagruel","1962-01-10","1");
insert into libro (idLibro,Autor_idAutor,Editorial_idEditorial,titulo,fecha_de_publicacion,Estado_idEstado) values ("27","3","5","En busca del tiempo perdido","1976-08-07","1");
insert into libro (idLibro,Autor_idAutor,Editorial_idEditorial,titulo,fecha_de_publicacion,Estado_idEstado) values ("28","3","1","Cuentos","1966-02-26","1");
insert into libro (idLibro,Autor_idAutor,Editorial_idEditorial,titulo,fecha_de_publicacion,Estado_idEstado) values ("29","3","2","Libro del desasosiego","1975-08-29","1");
insert into libro (idLibro,Autor_idAutor,Editorial_idEditorial,titulo,fecha_de_publicacion,Estado_idEstado) values ("30","3","3","Las metamorfosis","1969-02-14","1");
insert into libro (idLibro,Autor_idAutor,Editorial_idEditorial,titulo,fecha_de_publicacion,Estado_idEstado) values ("31","4","5","1984","1988-04-27","1");
insert into libro (idLibro,Autor_idAutor,Editorial_idEditorial,titulo,fecha_de_publicacion,Estado_idEstado) values ("32","4","3","Lolita","1997-03-31","1");
insert into libro (idLibro,Autor_idAutor,Editorial_idEditorial,titulo,fecha_de_publicacion,Estado_idEstado) values ("33","4","2","El hombre sin atributos","1953-08-14","2");
insert into libro (idLibro,Autor_idAutor,Editorial_idEditorial,titulo,fecha_de_publicacion,Estado_idEstado) values ("34","4","2","Genji Monogatari","1997-08-10","1");
insert into libro (idLibro,Autor_idAutor,Editorial_idEditorial,titulo,fecha_de_publicacion,Estado_idEstado) values ("35","4","4","Beloved","2006-03-02","1");
insert into libro (idLibro,Autor_idAutor,Editorial_idEditorial,titulo,fecha_de_publicacion,Estado_idEstado) values ("36","4","5","La historia","1994-12-05","2");
insert into libro (idLibro,Autor_idAutor,Editorial_idEditorial,titulo,fecha_de_publicacion,Estado_idEstado) values ("37","4","1","Ensayos","1996-10-04","1");
insert into libro (idLibro,Autor_idAutor,Editorial_idEditorial,titulo,fecha_de_publicacion,Estado_idEstado) values ("38","4","1","Moby-Dick","1957-05-17","1");
insert into libro (idLibro,Autor_idAutor,Editorial_idEditorial,titulo,fecha_de_publicacion,Estado_idEstado) values ("39","4","1","La montaña mágica","1954-05-31","1");
insert into libro (idLibro,Autor_idAutor,Editorial_idEditorial,titulo,fecha_de_publicacion,Estado_idEstado) values ("40","4","1","Los Buddenbrook","1956-05-05","1");
insert into libro (idLibro,Autor_idAutor,Editorial_idEditorial,titulo,fecha_de_publicacion,Estado_idEstado) values ("41","5","2","Hijos de nuestro barrio","1977-09-25","1");
insert into libro (idLibro,Autor_idAutor,Editorial_idEditorial,titulo,fecha_de_publicacion,Estado_idEstado) values ("42","5","3","Diario de un loco","1975-04-12","1");
insert into libro (idLibro,Autor_idAutor,Editorial_idEditorial,titulo,fecha_de_publicacion,Estado_idEstado) values ("43","5","5","Pippi Calzaslargas","1996-02-07","1");
insert into libro (idLibro,Autor_idAutor,Editorial_idEditorial,titulo,fecha_de_publicacion,Estado_idEstado) values ("44","5","5","El cuaderno dorado","1954-09-09","1");
insert into libro (idLibro,Autor_idAutor,Editorial_idEditorial,titulo,fecha_de_publicacion,Estado_idEstado) values ("45","5","5","Poemas","1956-12-23","1");
insert into libro (idLibro,Autor_idAutor,Editorial_idEditorial,titulo,fecha_de_publicacion,Estado_idEstado) values ("46","5","5","Gente independiente","2008-03-24","1");
insert into libro (idLibro,Autor_idAutor,Editorial_idEditorial,titulo,fecha_de_publicacion,Estado_idEstado) values ("47","5","5","Hijos y amantes","1964-04-06","2");
insert into libro (idLibro,Autor_idAutor,Editorial_idEditorial,titulo,fecha_de_publicacion,Estado_idEstado) values ("48","5","5","Zorba, el griego","1978-11-01","1");
insert into libro (idLibro,Autor_idAutor,Editorial_idEditorial,titulo,fecha_de_publicacion,Estado_idEstado) values ("49","5","5","El sonido de la montaña","1980-06-04","1");
insert into libro (idLibro,Autor_idAutor,Editorial_idEditorial,titulo,fecha_de_publicacion,Estado_idEstado) values ("50","5","5","Shakuntala","1990-05-04","1");


#prestamo
Insert into Prestamo (idPrestamo,Usuario_idUsuario,Libro_idLibro,Fecha_Prestamo,Fecha_Devolucion,Estadoprestamo_idEstadoprestamo) values ("1","13244629","23","2021/09/28","2021/10/08","1");
Insert into Prestamo (idPrestamo,Usuario_idUsuario,Libro_idLibro,Fecha_Prestamo,Fecha_Devolucion,Estadoprestamo_idEstadoprestamo) values ("2","14499353","3","2021/09/26","2021/10/06","1");
Insert into Prestamo (idPrestamo,Usuario_idUsuario,Libro_idLibro,Fecha_Prestamo,Fecha_Devolucion,Estadoprestamo_idEstadoprestamo) values ("3","15581416","12","2021/09/27","2021/10/07","1");
Insert into Prestamo (idPrestamo,Usuario_idUsuario,Libro_idLibro,Fecha_Prestamo,Fecha_Devolucion,Estadoprestamo_idEstadoprestamo) values ("4","15426465","50","2021/09/27","2021/10/07","1");
Insert into Prestamo (idPrestamo,Usuario_idUsuario,Libro_idLibro,Fecha_Prestamo,Fecha_Devolucion,Estadoprestamo_idEstadoprestamo) values ("5","17437518","4","2021/09/28","2021/10/08","2");
Insert into Prestamo (idPrestamo,Usuario_idUsuario,Libro_idLibro,Fecha_Prestamo,Fecha_Devolucion,Estadoprestamo_idEstadoprestamo) values ("6","22440335","26","2021/09/28","2021/10/08","2");
Insert into Prestamo (idPrestamo,Usuario_idUsuario,Libro_idLibro,Fecha_Prestamo,Fecha_Devolucion,Estadoprestamo_idEstadoprestamo) values ("7","22742679","44","2021/09/27","2021/10/07","1");
Insert into Prestamo (idPrestamo,Usuario_idUsuario,Libro_idLibro,Fecha_Prestamo,Fecha_Devolucion,Estadoprestamo_idEstadoprestamo) values ("8","20334869","43","2021/09/28","2021/10/08","2");
Insert into Prestamo (idPrestamo,Usuario_idUsuario,Libro_idLibro,Fecha_Prestamo,Fecha_Devolucion,Estadoprestamo_idEstadoprestamo) values ("9","14345597","29","2021/09/28","2021/10/08","1");
Insert into Prestamo (idPrestamo,Usuario_idUsuario,Libro_idLibro,Fecha_Prestamo,Fecha_Devolucion,Estadoprestamo_idEstadoprestamo) values ("10","21342563","12","2021/09/28","2021/10/08","1");
